{
  "key": "analytics_site_info",
  "value": [],
  "created_at": 1762168057.4190261,
  "expires_at": 1762169857.4190261
}