{
  "key": "analytics_trial_info",
  "value": [],
  "created_at": 1762168057.4235456,
  "expires_at": 1762169857.4235456
}