{
  "key": "analytics_country_distribution",
  "value": [],
  "created_at": 1762168057.413927,
  "expires_at": 1762169857.413927
}